[],"Y‚Äôall ever get really excited to spend a whole day with your child, but then get called into work and cry all the w‚Ä¶ https://t.co/sdML6Doz12",ash_nuckols,"Yorktown, IN"
[],RT @alphaideas: Super Respect. https://t.co/ZeZAPHRTXA,SinghviYogesh,Delhi
[],Sit Means Sit Dog Training ‚Äì Dog Daycare dogs having fun in the indoor dog park https://t.co/SUQtpmZXBn,_mydogstore,United States
[],@zaythejap Poor kiddo. I‚Äôve had horrible things happen to me as a child in daycare. It‚Äôs terrifying. Stay strong momma! üíï,ShalenaKolsen,Pocatello Idaho
[],RT @kasheeeez: Y'all really hella cute it's crazy how she left my kids At daycare to be with you on my day but y'all cute https://t.co/KYnW‚Ä¶,AsanteTereza,in the cut
[],RT @jongeeting: Daycare NIMBYism is real. Wonder why there are so few of them and you need to get on a waitlist as soon as you‚Äôre pregnant?‚Ä¶,dsng,"Washington, DC"
[],RT @jongeeting: Daycare NIMBYism is real. Wonder why there are so few of them and you need to get on a waitlist as soon as you‚Äôre pregnant?‚Ä¶,txbornviking,
[],@AnxiousPenman My kid is four and still needs me to wipe his butt. So there's that. I asked what he did at daycare‚Ä¶ https://t.co/TXLPy4NlT4,Greeninthemiddl,
[],"@TakeoffDee @Goldie_Glo Boy you a hoe, them daycare people a slap tf outta you.",BeenueeSr,337 üèö
[],I liked a @YouTube video https://t.co/8zBybxnwoV Minecraft Daycare - WE WON A MILLION DOLLARS !? (Minecraft Roleplay,DANCEFEVERBKLYN,
[],"When I hear people say, ‚ÄúI can‚Äôt imagine who would want to listen to something for that long.‚Äù You‚Äôre basically tel‚Ä¶ https://t.co/OfcyjPmpsC",KristinaLopez,"Los Angeles, CA"
[],RT @FlawdaMeat: Early Morning Fun With Da Homie @Dome_boi Turning His Throat Into A DayCare As Usualüòè https://t.co/ULndtwYRy7,PopUpOnDeezHoes,"üöÄ Miami, FL"
[],"@marcusleshock There's daycare for dogs. üêï Not sure about cats, tho. ü§£",silkysoul,Central IL
[],@xDontaex Now im scared to send my kid to daycare omg,HannaeHarmonn,
[],@MikeStefan66 @MatthewLumby @DonaldJTrumpJr Remember when a comedian faked out idiot Trump? Remember when Trump's o‚Ä¶ https://t.co/lNSsHO1MaK,cherylhart00,
[],"RT @BeenueeSr: @TakeoffDee @Goldie_Glo Boy you a hoe, them daycare people a slap tf outta you.",TakeoffDee,"Port Arthur, TX"
[],Daycare Owner Who Hanged Toddler Gets Sentenced To Probation Only - Blue Lives Matter https://t.co/mdx8aYHwDr,oliviaknight26,San Francisco
['Tata'],"RT @rajrad: #Tata Not just a family. Not just a brand name. A legacy that has shaped India, Indians and now shaping the world. Proud to hav‚Ä¶",TataHornbill,India
[],I‚Äôm fighting the daycare workers. The parents and that 2 yr old. The fuck?,DuBoseTyler,"Sumter, SC"
[],RT @RMsFutureBride: I LOVEüíú https://t.co/9Inlb5ZFPZ,florjhs,usa | 17 | she/her | üè≥Ô∏è‚Äçüåà
[],"RT @KristinaLopez: When I hear people say, ‚ÄúI can‚Äôt imagine who would want to listen to something for that long.‚Äù You‚Äôre basically telegrap‚Ä¶",KA_Marketplace,"Washington, DC"
[],"@xDontaex we dont have to send our child to daycare over here, i think i will send mine to a private school also.",HannaeHarmonn,
[],"RT @julieeyxo: I don‚Äôt think I‚Äôll ever leave my baby in a daycare they really out there mistreating babies, I‚Äôll catch a case real quick",MaricruzCasti,
[],This is why I don‚Äôt wanna put the twins in daycare. I would kill everybody in there.,KnowItAllDoll,Chicago
[],RT @WestonWebdotCa: Daycare at Pelmo PS‚Äìcoming¬†soonish https://t.co/m1e54yVNVp https://t.co/YAGl6Un3lp,BrandonMachad13,"Toroton, Ontario, Canada"
[],RT @jongeeting: Daycare NIMBYism is real. Wonder why there are so few of them and you need to get on a waitlist as soon as you‚Äôre pregnant?‚Ä¶,marginoferror,"Seattle, WA, USA"
[],"RT @lexsemien: This would be the day y‚Äôall saw me on the news for fuckin people up at the daycare. Not my baby, don‚Äôt think so https://t.co‚Ä¶",vanessssa_14,"Houston, TX"
[],Never work at a state ran daycare it's a trap there a fucking 6 hour online course you have too take and another 2‚Ä¶ https://t.co/Lpto57dg16,TerenziniAlexis,Somewhere on a beach 
[],"@ileeahna My son is Waaaaay too smart, and anyone can vouch for that, i feel like if i put him in daycare he wouldn‚Ä¶ https://t.co/V0jxVfMrCV",_crackkkkk,MA 
[],"@BeenueeSr @TakeoffDee Lmao, bitch I‚Äôll kill you and them daycare people üôÑ",Goldie_Glo,"The Studio, Tx "
[],I‚Äôve been hearing ‚Äúnot my problem‚Äù from my co-workers alot lately about everything and anything but like you work h‚Ä¶ https://t.co/3jMLUP7Tkq,jesselisabeth7,
[],I see all these horror stories bout babies in daycares gettin abused and the abuser gets off scottfree. Bro let me‚Ä¶ https://t.co/zWKlmbH6Js,itisnotadrianna,"Columbus, Oh"
[],@BeenueeSr @TakeoffDee Boy I‚Äôll slap you and them daycare people üòÇüòÇ,Goldie_Glo,"The Studio, Tx "
[],RT @kasheeeez: Y'all really hella cute it's crazy how she left my kids At daycare to be with you on my day but y'all cute https://t.co/KYnW‚Ä¶,alexisssniicole,üçπ
[],"Wow this is in Nashville..... this why I can never take my kid to a daycare, Not only fear for what would happen to‚Ä¶ https://t.co/BkB6PbkgaX",ash_bigdawdi,Smashville Tn
[],RT @jongeeting: Daycare NIMBYism is real. Wonder why there are so few of them and you need to get on a waitlist as soon as you‚Äôre pregnant?‚Ä¶,PitHoyaFan88,"Denver, CO"
[],RT @mnolangray: If only the daycare had better architecture... https://t.co/w9LP4UiZ6V,AviWoolf,Israel
[],RT @JaredSawyerJr: A mother picked her child up from daycare like this. The staff told her another 2-year old climbed in the crib he was na‚Ä¶,PapaBearAustin,
[],RT @mnolangray: If only the daycare had an affordability set aside or contributed to the daycare trust fund...,AviWoolf,Israel
[],RT @kasheeeez: Y'all really hella cute it's crazy how she left my kids At daycare to be with you on my day but y'all cute https://t.co/KYnW‚Ä¶,JoaquinvRamirez,"Modesto, CA"
[],RT @mnolangray: If only the daycare had set aside open space...,AviWoolf,Israel
[],"It‚Äôs So Hard For Me To Cater To Her When She Cries Because, I Have To Leave Her At Daycare While I‚Äôm At Work. It Hu‚Ä¶ https://t.co/hngSUlhuoO",HisLilBADDBitch,DC
[],RT @mnolangray: If only the daycare had a multimillion dollar underground parking structure...,AviWoolf,Israel
[],"RT @mnolangray: If only the daycare had talked to ""the community"" first...",AviWoolf,Israel
[],"@Goldie_Glo @TakeoffDee What you wanna slap me for? Ion work at the daycare , they the ones go be beating tf out to child. üíÄ",BeenueeSr,337 üèö
[],RT @KnowItAllDoll: This is why I don‚Äôt wanna put the twins in daycare. I would kill everybody in there. https://t.co/xVVnBz0LFj,emanithegoddess,"Oakland, Ca"
[],Helllll no. I‚Äôd be raising hell at that daycare. No way no body hear this baby crying.,AShiirley,
[],RT @JaredSawyerJr: A mother picked her child up from daycare like this. The staff told her another 2-year old climbed in the crib he was na‚Ä¶,_AurelieM,
[],"How? HOW?! You hang a child. Run over two people with your vehicle as you flee, cause a third accident in which the‚Ä¶ https://t.co/dYFWs2nVxJ",BlazinBajan,
[],"RT @TataCompanies: Throwback to the time in 1886, when we were the first and only Indian company to start a daycare and primary classes for‚Ä¶",sandy0408,Hyderabad
[],How do I tell parents that just because the daycare closes at 12:30 doesn‚Äôt mean that they should show up at 12:30‚Ä¶ https://t.co/M9Im5ITaqB,umkeeks,Long Island 
"['Daycare', 'Childcare']","Preparing Your Child for Child Care. @healthychildren #Daycare #Childcare
https://t.co/VVbuZpdG4H https://t.co/eM3JTvsCkF",WSParkDistrict,"Western Springs, IL"
[],RT @jongeeting: Daycare NIMBYism is real. Wonder why there are so few of them and you need to get on a waitlist as soon as you‚Äôre pregnant?‚Ä¶,Polit_eur,"New Jersey, USA"
[],The lady that owns the daycare one of my patients goes to was really trying to set me up with her son the whole ses‚Ä¶ https://t.co/ApTKJ2sDyW,karinanicolexo,
[],RT @Cee_cee_lina: Reason number 2873 as to why I will never put my child in a daycare. If this shit happened everybodys dying Idgaf https:/‚Ä¶,_milfshake_,
[],"I would whoop EVERYBODY'S ASS. The daycare teacher,the teacher assistant, the director, the damn janitor and the ma‚Ä¶ https://t.co/SEETcnsLPg",UpscalePassion_,
[],Wow.  How absurd.,jimb345,
[],RT @JaredSawyerJr: A mother picked her child up from daycare like this. The staff told her another 2-year old climbed in the crib he was na‚Ä¶,KirklandAlexis,Plastic Beach on Living Island
[],I‚Äôll steady just walk myself to jail by the time I‚Äôm done popping whoever the fuck was meant to be watching the kid‚Ä¶ https://t.co/Y1LjgTv77i,Sheila_molua,Nigeria
[],See.. nah. This is why my kid ain‚Äôt in daycare. I‚Äôd catch a quick charge,Oddthekreatorr,
['FunThursday'],"üéâHours and hours of fun, games and joy we have for all our friendsüç™at ABC Daycareüéàwith our teachersüòÑ

#FunThursday‚Ä¶ https://t.co/2UFnxGbXdC",Abc_Daycare_,"San Antonio, TX"
['babykhahy'],"Looking at this picture of #babykhahy sitting there on the floor at daycare, wearing a crown with her name spelled‚Ä¶ https://t.co/YLLr9k6Whx",khahy,
[],RT @JaredSawyerJr: A mother picked her child up from daycare like this. The staff told her another 2-year old climbed in the crib he was na‚Ä¶,K0dxine__,"Brooklyn, NY"
[],RT @kasheeeez: Y'all really hella cute it's crazy how she left my kids At daycare to be with you on my day but y'all cute https://t.co/KYnW‚Ä¶,yungcramer,408
[],"@Noahpinion It's weird that for all of the ""interventions"" by the federal government we're all mostly ok with, the‚Ä¶ https://t.co/0YP6OA8Rai",dmtrubman,
[],RT @lynux6gold: @kilovh @AviWoolf @mnolangray @mlewyn A group in my also nice neighborhood just successfully fought tooth-and-nail to keep‚Ä¶,mnolangray,KY ‚û° DC ‚û° NYC
[],RT @kasheeeez: Y'all really hella cute it's crazy how she left my kids At daycare to be with you on my day but y'all cute https://t.co/KYnW‚Ä¶,sinnnderellaaa,
[],RT @JaredSawyerJr: A mother picked her child up from daycare like this. The staff told her another 2-year old climbed in the crib he was na‚Ä¶,Nodays_off__,"Atlanta, GA"
[],RT @JaredSawyerJr: A mother picked her child up from daycare like this. The staff told her another 2-year old climbed in the crib he was na‚Ä¶,iamarya_,
[],RT @alphaideas: Super Respect. https://t.co/ZeZAPHRTXA,HAX_u_ANYTIME,India
[],Somebody dying!,DmanChosenToo,"New Orleans, LA"
[],"first day of school pics - great, we all love them!
.. unless your kid is going to daycare or college - can we knock that off?",davidhuey,"Atlanta, GA"
[],RT @jongeeting: Daycare NIMBYism is real. Wonder why there are so few of them and you need to get on a waitlist as soon as you‚Äôre pregnant?‚Ä¶,jackiebillek,
"['ATSOCIALMEDIAAT', 'BlackpoolRockz', 'coloring', 'child', 'parent', 'mom', 'dad', 'grandparent', 'teacher', 'daycare']",RT @writer_gail: #ATSOCIALMEDIAAT #BlackpoolRockz #coloring #child #parent #mom #dad #grandparent #teacher #daycare Very excited to announc‚Ä¶,BlackpoolRockz,
[],RT @katmiriamxo: I think it‚Äôs jailtime for me and eternal nap time for the staff https://t.co/nOXUrlCiYj,__Moraa__,Somewhere Being Excellent 
[],RT @JaredSawyerJr: A mother picked her child up from daycare like this. The staff told her another 2-year old climbed in the crib he was na‚Ä¶,derekaasare,T H E L O O P üå¥
[],"im pretty much running a doggy daycare right now, so hmu if your pet needs someone to watch them :)",jordan_rebeccaj,Tx
[],RT @katmiriamxo: I think it‚Äôs jailtime for me and eternal nap time for the staff https://t.co/nOXUrlCiYj,KingAdriel86,NYC
[],"Daycare Management Software Market Competition Landscape, Growth Opportunity And Highlights of The Market 2018-2025‚Ä¶ https://t.co/OZe1rUg7F9",northcarolinahe,North Carolina
[],"Daycare Management Software Market Competition Landscape, Growth Opportunity And Highlights of The Market 2018-2025‚Ä¶ https://t.co/w7sZkYDaxe",usmarketnewslat,
[],"Daycare Management Software Market Competition Landscape, Growth Opportunity And Highlights of The Market 2018-2025‚Ä¶ https://t.co/5LwizK1hPt",trinity_digest,
[],"Daycare Management Software Market Competition Landscape, Growth Opportunity And Highlights of The Market 2018-2025‚Ä¶ https://t.co/AzW9EA2b1t",rainbownewsline,
[],&amp; this is why my baby boy will not be in daycare !!!,tashyiaaa,"Madisonville, KY"
[],might cry knowing it‚Äôs my last day at daycare for a little whileüò¢üò¢,katiedoittt,"Shamokin, PA"
[],RT @QueenLiaaaa: Facts. They will be with their grandmother https://t.co/aCtRbhJwcT,princesssuzzz,
[],"@ItsTheBrandi I mean no one should ever drive a kid to daycare cause it‚Äôs a nightmare, but these effers are also ag‚Ä¶ https://t.co/yboQv46Osv",trayf,Philadelphia
[],"RT @lexsemien: This would be the day y‚Äôall saw me on the news for fuckin people up at the daycare. Not my baby, don‚Äôt think so https://t.co‚Ä¶",SteaphanieSoto,
[],"@pragmatist20152 ""I agree we need more daycare, but... Why do *we* have to suffer the consequences?"" Where is the line to slap this woman?",e_mcray,Just trying to bring some Light to The Darkside
[],Republicans: Forget education. Schools are just daycare centers. Let's have Halliburton's KBR be in charge of schoo‚Ä¶ https://t.co/GHpyHxCiZS,silvanet,Illinois / Florida
[],@zaythejap She better sue that daycare &amp; the parent of that child !,BellaMaryjanee,"Michigan, USA"
[],"The 2 yr old, his mum, his dad, siblings, the doctor that birth him, the owner of the daycare, the family of the ow‚Ä¶ https://t.co/FFt5xJPTrA",halimellams,
[],@dcexaminer @TomFitton Which fed daycare or Leavenworth hard labor prison will trader get,joestou76226896,"Georgia, USA"
[],"Yes, daycare NIMBYism is a thing.",ColinVParker,"Atlanta, GA"
[],RT @JaredSawyerJr: A mother picked her child up from daycare like this. The staff told her another 2-year old climbed in the crib he was na‚Ä¶,mardecade,
[],"RT @usc_wic: WiSE Child Care Grants provide doctoral students, postdoctoral fellows, and faculty members in WiSE-eligible departments with‚Ä¶",fluorinequeen,"Los Angeles, CA"
[],RT @kasheeeez: Y'all really hella cute it's crazy how she left my kids At daycare to be with you on my day but y'all cute https://t.co/KYnW‚Ä¶,kuwtc__,Minding üñïüèΩ
[],Salty I have to dress professionally to work at a daycare üôÉ,ayyyamykate,"West Virginia, USA"
[],My sister daycare just got 5 stars ü§ûüèºüéâüéÅ happy for them,elura__,"Cleveland, OH"
"['hiring', 'job']",We're #hiring! Read about our latest #job opening here: Coordinator of Work Force and Community Education Developme‚Ä¶ https://t.co/VQlY3gV5CZ,tmj_AR_EDU,Arkansas
[],It's my daughter's last day at the daycare she's been at since she was 8 months old. God bless childcare providers.,msadhanjal,Lheidli T'enneh #cityofpg
[],"okay...no. i worked in a daycare, the most ruthless thing i‚Äôve seen two year olds to do each other is bite...but ev‚Ä¶ https://t.co/nKDoEOnZp7",msk2marra,in ya dreams 
[],Why would the daycare even keep 9 month olds with 2 year olds? Like wtf?!,nessamtzxo,"New Mexico, USA"
[],RT @jongeeting: Daycare NIMBYism is real. Wonder why there are so few of them and you need to get on a waitlist as soon as you‚Äôre pregnant?‚Ä¶,schubertcx,"New York, NY"
[],I swear i feel like i work in a daycare sometimes üôÑüò°,desttt107,"Corpus Christi, TX"
[],RT @jongeeting: Daycare NIMBYism is real. Wonder why there are so few of them and you need to get on a waitlist as soon as you‚Äôre pregnant?‚Ä¶,ShaneDPhillips,Los Angeles
[],I got a dissertation completion grant from an outside foundation this week. It has to be routed through my universi‚Ä¶ https://t.co/6GGdFCAdzI,mirielmargaret,United States
[],Check out Kids of Mount Sinai!  This is a preschool/daycare/before &amp; aftercare child enrichment center!  They are a‚Ä¶ https://t.co/DPWbKB03B3,MacKidMtSinai,"Mount Sinai, NY"
[],"RT @halimellams: The 2 yr old, his mum, his dad, siblings, the doctor that birth him, the owner of the daycare, the family of the owner of‚Ä¶",MayokunK,"Abuja, Nigeria"
[],Everybody catching these hands. EVERYBODY!!!!,Da_One_Rod,"South West Houston, TX "
[],"@Noahpinion So housing, healthcare (community rating, the A.M.A., tax incentives that distort), and now even daycar‚Ä¶ https://t.co/nNQFnsFHp1",HamrickPaul,
[],RT @jongeeting: Daycare NIMBYism is real. Wonder why there are so few of them and you need to get on a waitlist as soon as you‚Äôre pregnant?‚Ä¶,BakerMikeRomeo,
[],RT @KnowItAllDoll: This is why I don‚Äôt wanna put the twins in daycare. I would kill everybody in there. https://t.co/xVVnBz0LFj,zellevae,AZ
[],America today: we hate other people and also hate building things.,ShaneDPhillips,Los Angeles
[],did maddox get sick,evaateveldahll,"Wetumpka, AL"
[],@zaythejap I‚Äôm sure you tried so was pressing charges against the daycare an option? And if so I hope they all go to jail,Thisfuckin_guy,My location?üÖ±Ô∏èüÖæÔ∏è‚ÑπÔ∏èüëäüèºüñïüèº
[],RT @JaredSawyerJr: A mother picked her child up from daycare like this. The staff told her another 2-year old climbed in the crib he was na‚Ä¶,Twinn0912,
[],@sharsamp One of my babies of over a year is leaving the daycare I work at. Swear you get way more attached to thes‚Ä¶ https://t.co/aIOniwUu1g,devansmarshall,good ole rocky top
[],RT @jongeeting: Daycare NIMBYism is real. Wonder why there are so few of them and you need to get on a waitlist as soon as you‚Äôre pregnant?‚Ä¶,MichaelDFarren,"Washington, DC"
[],RT @jongeeting: Daycare NIMBYism is real. Wonder why there are so few of them and you need to get on a waitlist as soon as you‚Äôre pregnant?‚Ä¶,itiolaakingbola,"Washington, DC"
[],hellllll no. I work at a daycare and there‚Äôs NO fucking excuse for this shit. 100% never should‚Äôve happened.,gearnss,"Livonia, MI"
[],"Why can't we have neighborhood daycares?

‚Äúwe need more daycare, but the question is, does it belong in this neighb‚Ä¶ https://t.co/c6WG7hmwHi",msiliski,San Francisco
[],I hate stuff like this. This is why I never trusted anyone w/my girls. Daycare scares TF outta me.,Mandykinnz,CA
[],"RT @TataCompanies: Throwback to the time in 1886, when we were the first and only Indian company to start a daycare and primary classes for‚Ä¶",POORNAYYA,"Bengaluru South, India"
[],See this is why I‚Äôm not gone play them daycare games. I‚Äôll fuck every staff member up about MINE &amp; end up in jail,Nekiraa,"Atlanta, GA"
[],RT @kasheeeez: Y'all really hella cute it's crazy how she left my kids At daycare to be with you on my day but y'all cute https://t.co/KYnW‚Ä¶,nattydsoccer,"Mountain View, CA"
[],RT @JaredSawyerJr: A mother picked her child up from daycare like this. The staff told her another 2-year old climbed in the crib he was na‚Ä¶,LeandreBenion,"St Paul, MN"
[],RT @Oddthekreatorr: See.. nah. This is why my kid ain‚Äôt in daycare. I‚Äôd catch a quick charge https://t.co/aXxOfFpOnW,phuckcarlos,black beverly hills
[],@__crownmeasia @TheAliciaMoore I would only do it if I absolutely had to put my children in daycare. But I‚Äôd try to‚Ä¶ https://t.co/Qn5aKjsQGa,LadyPooh_XoXo,Wherever The Wind Blows
[],I got a dissertation completion grant from an outside foundation this week. They have to route it through my univer‚Ä¶ https://t.co/KyArhO85bF,mirielmargaret,United States
[],It‚Äôs on sight at everyone at that daycare even they babies,_DOPEITSHUGO,
[],Rudy had his first day at doggy daycare today üò≠,bayebayee,"Boston, MA"
[],RT @jongeeting: Daycare NIMBYism is real. Wonder why there are so few of them and you need to get on a waitlist as soon as you‚Äôre pregnant?‚Ä¶,LoralynHegland,
[],RT @jongeeting: Daycare NIMBYism is real. Wonder why there are so few of them and you need to get on a waitlist as soon as you‚Äôre pregnant?‚Ä¶,stephenjudkins,"Portland, OR"
[],RT @Brielynn13: Ummmm i just put the secret life of pets on for the kids in the daycare and WHY DIDNT I KNOW WELCOME TO NEW YORK PLAYED FOR‚Ä¶,onlytswift13,M√©xico üá≤üáΩ
[],Proposal: anyone who objects to new daycare businesses cannot collect Social Security paid for by the future wages‚Ä¶ https://t.co/4x0s1M6yxV,flanaganagain_,"Minneapolis, MN"
[],Love it!!!!  Please follow I follow back. Need to get contact for new podcast show!!! My other account Twitter acco‚Ä¶ https://t.co/mZQUbMA98D,DalitaMckinney,Spain right now!
[],I‚Äôm opening up a daycare and that‚Äôs mf final !,TrillfamHatch,
[],RT @jayELLcee_: I am 100% anti-daycare. My child will not be in attendance. Cus listennnnnnnn https://t.co/CPmq1XIsd0,TheRavieWay_,"Charlotte, NC"
['Tata'],"RT @rajrad: #Tata Not just a family. Not just a brand name. A legacy that has shaped India, Indians and now shaping the world. Proud to hav‚Ä¶",SPVarma2000,India/Germany
[],Finish school become a RN .. open up my daycare all before 25 üë©üèº‚Äç‚öïÔ∏èüë©‚Äçüë©‚Äçüëß‚Äçüë¶üè¢,arielangeleak,
[],If only the daycare was in somd other neighborhood...,mnolangray,KY ‚û° DC ‚û° NYC
[],THIS IS WHY MY KID WILL NEVER GO TO DAYCARE.,ssaltyysydd,"Nampa, ID"
